Sample,ID,Total_dried,Beaker,Beaker_mass,DM_sample_mass,Post_Dry_wbeaker,Post_Ash_wbeaker,DM,Ash,Fibre_bag_mass,Fiber_sample_mass,Fibre_bag_sample_mass,Post_NDF_wbag,NDF_AI,Post_ADF_wbag,ADF_AI,Post_ADL_wbag,ADL_AI,CP_sample_mass,"CP_Tray,Loc",CP_AI,C_AI,NDF_F,ADF_F,ADL_F,CP_F,C_F
E15_22-03-13,1,38.05,,30.4129,5.1967,35.2897,30.7224,0.938441703,0.059557027,0.5151,0.5881,1.1018,0.9638,0.762965482,0.7676,0.42934875,0.559,0.074647169,0.1043,"1,A1",8.76,47.07,81.30131891,45.75124365,7.954374638,9.334623524,50.1576175
E3C_22-02-20,2,39.48,,28.6875,5.2914,33.6225,28.9996,0.932645425,0.0589825,0.4952,0.5053,0.9977,0.863,0.727884425,0.6986,0.402533149,0.5288,0.066495151,0.1024,"1,A2",9.549,47.29,78.04513976,43.16036277,7.129735443,10.23861775,50.70522918
E2B_22-03-07,3,42.5,,31.832,4.9034,36.4436,32.1437,0.940490272,0.063568136,0.496,0.6144,1.1077,0.9637,0.761230469,0.7545,0.420735677,0.5368,0.06640625,0.1065,"1,A3",8.674,47.06,80.93974934,44.73578192,7.060812001,9.22284925,50.03773181
E1A_22-03-10,5,63.89,,29.3943,5.7967,34.924,29.7147,0.95393931,0.055272828,0.5033,0.4885,0.9923,0.9011,0.81432958,0.7471,0.499078813,0.5462,0.087819857,0.1128,"1,A5",4.369,47.83,85.36492537,52.3176692,9.206021364,4.579955929,50.13945802
E3C_22-03-03,6,108.16,,28.9477,5.8361,34.4488,29.2515,0.942598653,0.052055311,0.5052,0.5955,1.0992,0.9881,0.810915197,0.7808,0.462804366,0.5443,0.06565911,0.1078,"1,A6",4.904,47.13,86.02974283,49.09877226,6.9657547,5.202638454,50.00007144
E15_22-02-21,7,51.91,,28.9395,6.8917,35.3709,29.3656,0.933209513,0.061827996,0.4918,0.5521,1.0417,0.9016,0.742256838,0.731,0.433254845,0.5384,0.084404999,0.1044,"1,A7",8.221,47.46,79.53807021,46.42632112,9.044592659,8.80938298,50.8567469
E14_22-03-12,8,55.21,,28.9993,6.9447,35.5745,29.4064,0.946793958,0.058620243,0.488,0.5122,1.004,0.871,0.747754783,0.7179,0.448848106,0.5317,0.085318235,0.1116,"1,A8",8.508,47.71,78.9775618,47.40715785,9.011277939,8.986115647,50.3911116
E4D_22-02-19,9,31.59,,28.5383,5.6037,33.7391,28.8794,0.928101076,0.060870496,0.4835,0.4708,0.9493,0.8495,0.77740017,0.6979,0.455395072,0.5259,0.090059473,0.097,"1,A9",8.8,47.38,83.76244678,49.06740052,9.703627715,9.481725888,51.05047416
E1A_22-03-12,10,74.84,,28.8282,6.1328,34.7014,29.1699,0.957670232,0.055716801,0.5033,0.5609,1.0668,0.956,0.807095739,0.7674,0.470850419,0.5436,0.071848814,0.0994,"1,A10",4.277,47.86,84.27699973,49.16623731,7.502458779,4.466046721,49.97544916
E15_22-03-14,11,37.65,,28.8551,7.1862,35.6559,29.3076,0.94636943,0.062967911,0.5032,0.5361,1.0389,0.9095,0.757880992,0.7269,0.417272897,0.5396,0.06789778,0.0949,"1,B1",8.201,47.74,80.08299593,44.09196699,7.174553413,8.665749059,50.44541642
E16_22-02-12,12,46.63,,28.9737,6.5135,35.0812,29.38,0.93766792,0.062378138,0.4915,0.6414,1.1299,0.967,0.741347053,0.7522,0.40645463,0.5367,0.070470845,0.1159,"1,B2",7.986,47.12,79.06285766,43.34739641,7.515543988,8.516874499,50.25233238
E4D_22-02-15,13,43.83,,28.7305,5.7594,34.1852,29.0514,0.947095184,0.055717609,0.487,0.4732,0.9596,0.849,0.765004227,0.7018,0.453930685,0.5245,0.079247675,0.1045,"1,B3",5.493,48.1,80.77374269,47.92872909,8.36744572,5.799839441,50.78687004
E13_22-03-14,14,45.1,,29.0399,6.9612,35.658,29.5265,0.950712521,0.069901741,0.5083,0.5115,1.022,0.9098,0.784946237,0.7355,0.444183773,0.5486,0.078787879,0.1155,"1,B4",6.66,47.09,82.56399483,46.72114477,8.287245309,7.005272208,49.53127151
E16_22-02-13,15,39.85,,28.7807,6.4849,34.9094,29.1825,0.945072399,0.061959321,0.4976,0.5309,1.0284,0.8942,0.74703334,0.7223,0.423243549,0.5365,0.073271803,0.0915,"1,B5",8.474,48.1,79.04509119,44.78424607,7.753035924,8.966508819,50.89557165
E14_22-02-16,16,51.09,,28.4995,6.0852,34.1428,28.8674,0.927381187,0.060458161,0.4984,0.4777,0.973,0.8292,0.692484823,0.7082,0.439187775,0.5512,0.110529621,0.0942,"1,B6",12.2,48.44,74.67100182,47.35784819,11.91846704,13.15532401,52.23310616
E3C_22-03-08,17,59.54,,28.6703,6.0707,34.3703,28.9738,0.938936202,0.049994235,0.4855,0.5378,1.0215,0.902,0.774451469,0.7201,0.436221644,0.5227,0.069170695,0.1035,"1,B7",6.422,48.05,82.48179882,46.45913566,7.366921767,6.839655333,51.17493596
E1A_22-02-23,18,45.25,,29.4193,6.6885,35.7088,29.9473,0.940345369,0.078941467,0.4838,0.7299,1.2119,1.014,0.726400877,0.7966,0.428551856,0.5526,0.094259488,0.1038,"1,B8",9.422,47.3,77.24830694,45.57387855,10.02392214,10.01972287,50.30066778
E1A_22-03-05,19,46.56,,28.8627,5.3385,33.8358,29.1312,0.931553807,0.050295027,0.4855,0.5157,0.9966,0.8764,0.757998837,0.7175,0.449873958,0.5372,0.100252085,0.0951,"1,B9",6.958,48.9,81.36930262,48.29285804,10.76181362,7.469241117,52.49294203
E13_22-02-22,20,43.38,,30.8269,5.5766,36.1185,31.1344,0.948893591,0.055141125,0.4947,0.5356,1.0216,0.8962,0.749626587,0.7317,0.442494399,0.5484,0.100261389,0.1017,"1,B10",7.49,48.89,79.00006851,46.63266808,10.56613619,7.893403507,51.52316388
E3C_22-02-19,21,42.49,,28.9387,5.4266,34.0395,29.2844,0.939962407,0.063704714,0.4912,0.533,1.0227,0.8752,0.720450281,0.7283,0.444840525,0.5391,0.089868668,0.0953,"1,C1",8.718,48.43,76.64671223,47.32535278,9.560878947,9.274839006,51.52333712
E4D_22-03-13,22,80.65,,29.1675,5.899,34.7666,29.4755,0.949160875,0.052212239,0.4969,0.4753,0.9718,0.8943,0.836103514,0.7257,0.481380181,0.5313,0.072375342,0.0899,"1,C2",3.942,47.77,88.08870402,50.71639527,7.625192295,4.153142112,50.32866532
E13_22-02-19,23,60.37,,28.5239,6.0196,34.1467,28.8245,0.934081999,0.049936873,0.4942,0.579,1.0697,0.9501,0.787392055,0.756,0.452158895,0.5396,0.078411054,0.095,"1,C3",5.721,47.94,84.29581731,48.40676677,8.39445077,6.124729957,51.32311731
E1A_22-02-28,24,41.46,,28.8112,6.2906,34.6526,29.1528,0.928591867,0.054303246,0.493,0.5331,1.0209,0.8776,0.72144063,0.7193,0.424498218,0.5408,0.089664228,0.1003,"1,C4",8.157,48.35,77.69189627,45.7141865,9.655935106,8.784268189,52.06808471
E13_22-03-13,25,46.75,,28.7053,6.1524,34.5356,29.0745,0.947646447,0.060009102,0.4938,0.5346,1.0284,0.9348,0.824915825,0.7535,0.485783764,0.5441,0.094089039,0.0982,"1,C5",5.854,48.1,87.04890179,51.26213106,9.928706939,6.177409327,50.75732638
E2B_22-03-11,26,37.33,,29.0313,6.1026,34.6778,29.3539,0.925261364,0.052862714,0.4965,0.5616,1.0499,0.9242,0.761574074,0.7473,0.446581197,0.5395,0.076566952,0.0919,"1,C6",6.318,47.59,82.30907544,48.26541061,8.275170081,6.828340884,51.43411565
E4D_22-03-14,27,103.08,,28.8165,5.9174,34.4818,29.1338,0.95739683,0.053621523,0.5031,0.5488,1.0544,0.9423,0.800291545,0.7481,0.446428571,0.5419,0.070699708,0.0951,"1,C7",4.062,48.16,83.59036926,46.62941819,7.384577248,4.242754806,50.30307027
E14_22-03-13,28,59.55,,28.5001,6.4785,34.4602,28.856,0.919981477,0.054935556,0.5018,0.5821,1.0755,0.9231,0.723758804,0.7431,0.414533585,0.5414,0.068029548,0.0933,"1,C8",8.298,47.11,78.67101917,45.05890559,7.394664988,9.019746816,51.20755273
E15_22-02-18,29,54.45,,29.2219,5.526,34.3987,29.5328,0.936807818,0.05626131,0.5099,0.5306,1.038,0.9224,0.777421787,0.7457,0.444402563,0.55,0.075574821,0.0992,"1,C9",6.085,47.82,82.98626165,47.43796484,8.067270526,6.495462448,51.04568846
E15_22-02-28,30,53.54,,28.9599,6.104,34.656,29.3253,0.933174967,0.059862385,0.4948,0.491,0.9831,0.8603,0.744399185,0.7082,0.434623218,0.535,0.081873727,0.0913,"1,C10",7.364,47.53,79.77059088,46.57467605,8.773673744,7.891338986,50.93364232
E1A_22-02-24,31,35.76,,29.3521,6.2569,35.2644,29.7745,0.944924803,0.06750947,0.5323,0.5975,1.1297,0.9834,0.754979079,0.7824,0.418577406,0.5766,0.074142259,0.1067,"1,D1",9.089,47.44,79.89832388,44.29743028,7.8463661,9.618754816,50.20505319
E3C_22-03-07,32,60.76,,29.2222,5.3112,34.3208,29.4948,0.959971381,0.051325501,0.5263,0.4991,1.0281,0.927,0.802845121,0.7558,0.45982769,0.559,0.065517932,0.0984,"1,D2",6.25,48.87,83.6321933,47.90014565,6.824988073,6.510610756,50.90776762
E2B_22-02-25,33,47.76,,29.0132,6.5598,35.2697,29.4264,0.953763834,0.062989725,0.5285,0.4774,1.0053,0.8958,0.769375786,0.7598,0.484499372,0.5683,0.083368245,0.095,"1,D3",8.983,48.2,80.66732642,50.79867302,8.740973568,9.418474131,50.53661952
E14_22-03-14,34,51.47,,28.8558,5.4343,34.4628,29.1978,1.031779622,0.062933589,0.5361,0.5027,1.036,0.9286,0.780783768,0.7633,0.451959419,0.5767,0.080763875,0.0968,"1,D4",7.497,48.27,75.67350149,43.80387144,7.827628434,7.266086517,46.78324612
E13_22-03-12,35,47.52,,28.6276,6.0725,34.4132,28.9833,0.95275422,0.058575545,0.5252,0.5012,1.0262,0.9407,0.829010375,0.7888,0.525937749,0.579,0.107342378,0.1049,"1,D5",6.006,48.01,87.0119867,55.20182839,11.26653402,6.303829335,50.39075031
E4D_22-02-23,36,44.83,,28.9348,6.6898,35.1299,29.3327,0.926051601,0.059478609,0.515,0.6139,1.1188,0.9909,0.775207689,0.8086,0.478253787,0.5837,0.111907477,0.0992,"1,D6",7.976,48.09,83.71106834,51.64439938,12.08436729,8.612910978,51.93015157
E4D_22-02-24,37,39.98,,29.0544,6.2114,34.8993,29.4531,0.940995589,0.064188428,0.5219,0.5581,1.0767,0.9659,0.795556352,0.7809,0.464074539,0.573,0.091560652,0.1003,"1,D7",7.567,47.8,84.54411066,49.31739789,9.730189313,8.041482968,50.79726257
E2B_22-03-10,38,40.68,,29.045,5.91,34.6031,29.3451,0.940456853,0.050778342,0.5297,0.5194,1.0459,0.9262,0.763380824,0.7667,0.456295726,0.568,0.07373893,0.1,"1,D8",6.816,48.26,81.17127562,48.51851783,7.840756257,7.247541426,51.31548551
E4D_22-02-13,39,44.65,,29.5654,5.9717,35.1712,29.8802,0.938727665,0.052715307,0.5213,0.5269,1.0442,0.9185,0.753843234,0.7737,0.479028279,0.5727,0.097551718,0.1054,"1,D9",7.242,48.34,80.30478505,51.02952605,10.39190824,7.714697528,51.49523315
E15_22-02-26,40,46.76,,29.3087,6.4069,35.3166,29.6919,0.937723392,0.059810517,0.5124,0.5141,1.0224,0.891,0.736432601,0.746,0.454386306,0.5581,0.088893211,0.0988,"1,D10",8.636,48.01,78.53409726,48.45632625,9.479683689,9.209538841,51.19846685
E16_22-03-05,41,57.63,,30.8386,4.9132,35.4302,31.1032,0.934543678,0.053854921,0.5127,0.5602,1.0677,0.9453,0.772224206,0.781,0.478936094,0.5659,0.094966084,0.0994,"1,E1",6.942,48.34,82.63115182,51.24812306,10.16175977,7.428224236,51.72577925
E16_22-03-11,42,53.98,,29.6521,5.6598,34.9126,29.9885,0.929449804,0.059436729,0.515,0.5138,1.0219,0.9096,0.768003114,0.767,0.490463215,0.5594,0.086414947,0.0945,"1,E2",7.248,47.6,82.62986455,52.76919885,9.297430274,7.798161848,51.21309381
E3C_22-02-25,43,43.58,,30.4614,5.6377,35.7212,30.8226,0.932969119,0.06406868,0.5146,0.5211,1.0311,0.9149,0.76818269,0.7514,0.454423335,0.5567,0.080790635,0.1102,"1,E3",8.415,47.04,82.3374188,48.70722151,8.65951869,9.019591144,50.41967527
E13_22-02-12,44,66.44,,30.3827,5.4928,35.5809,30.6756,0.946366152,0.053324352,0.5153,0.4793,0.993,0.9063,0.815773002,0.75,0.489672439,0.5582,0.089505529,0.0976,"1,E4",5.685,48.08,86.20056841,51.74238723,9.457811726,6.007188642,50.80486014
E2B_22-03-06,45,41.68,,29.0264,6.9066,35.5231,29.4693,0.940650972,0.064127067,0.5081,0.5759,1.0802,0.9487,0.765063379,0.7655,0.446952596,0.5603,0.090640736,0.097,"1,E5",8.69,47.87,81.33339594,47.51524311,9.635958393,9.238283128,50.89028922
E4D_22-02-18,46,40.51,,29.0187,6.1066,34.7411,29.3569,0.937084466,0.055382701,0.501,0.4906,0.9879,0.8695,0.751121076,0.7367,0.480432124,0.5659,0.132286996,0.0918,"1,E6",10.79,49.14,80.15510912,51.26881742,14.11686996,11.51443695,52.43924297
E3C_22-02-26,47,45.64,,32.0205,5.6626,37.1794,32.3719,0.911047929,0.062056299,0.509,0.5543,1.0488,0.9156,0.733537795,0.751,0.436586686,0.5536,0.080461844,0.0922,"1,E7",9.161,46.66,80.51582935,47.92137408,8.83179043,10.05545341,51.21574677
E14_22-02-22,48,79.58,,30.3272,4.6473,34.644,30.5746,0.928883438,0.053235212,0.4998,0.4873,0.9799,0.885,0.790478145,0.7028,0.416581162,0.5324,0.066899241,0.093,"1,E8",4.824,47.26,85.09982123,44.84751742,7.202113634,5.193331913,50.87828901
E2B_22-02-24,49,41.98,,28.7325,6.4154,34.7989,29.1402,0.945599651,0.063550207,0.4908,0.5085,0.9969,0.8806,0.766568338,0.7038,0.418879056,0.53,0.077089479,0.09,"1,E9",9.056,47.91,81.06690158,44.29771687,8.152443668,9.576991692,50.66626236
E2B_22-03-12,50,39.59,,29.2175,5.0917,34.0019,29.5021,0.939646876,0.055894888,0.5135,0.4951,1.0044,0.8986,0.777822662,0.7375,0.452433852,0.5521,0.077964048,0.0837,"1,E10",6.632,47.85,82.77818846,48.14934878,8.297164566,7.057970571,50.92338538
E15_22-02-12,51,76.42,,29.7483,5.3092,34.7541,30.0306,0.942853914,0.053171853,0.5097,0.5653,1.071,0.9685,0.811604458,0.7565,0.436582346,0.5495,0.070405095,0.0932,"2,A1",4.927,46.78,86.07955546,46.30434675,7.467232579,5.225623956,49.61532143
E2B_22-02-23,52,53.8,,29.5484,5.6046,34.8805,29.9079,0.951379224,0.064143739,0.5185,0.5651,1.0728,0.9324,0.732436737,0.7495,0.408777208,0.561,0.075207928,0.0974,"2,A2",10.19,48.35,76.98683324,42.9667999,7.905147168,10.71076574,50.82095422
E3C_22-03-02,53,86.43,,28.8782,4.6046,33.3843,29.1375,0.978608348,0.056313252,0.5071,0.5185,1.0363,0.9392,0.833365477,0.7743,0.51533269,0.5464,0.075795564,0.1008,"2,A3",5.211,48.68,85.15822279,52.65974804,7.745239888,5.324908591,49.74410865
E3C_22-02-21,54,42.38,,29.6935,6.0031,35.286,30.0479,0.931602006,0.059036165,0.4871,0.6209,1.1001,0.9437,0.73538412,0.7466,0.417941698,0.5349,0.076985022,0.0979,"2,A4",8.031,47.91,78.93758444,44.86268761,8.263724346,8.620634081,51.42754063
E13_22-02-24,55,25.56,,28.7876,4.975,33.427,29.0903,0.932542714,0.060844221,0.491,0.4969,0.9836,0.8651,0.75286778,0.7247,0.470315959,0.5406,0.099818877,0.0972,"2,A5",9.349,47.79,80.73279318,50.43371763,10.70394692,10.02527805,51.24698237
E3C_22-03-01,56,72.73,,27.6503,5.2889,32.6083,27.9351,0.937435005,0.053848626,0.4985,0.563,1.0571,0.9371,0.779040853,0.7416,0.431793961,0.5407,0.074955595,0.0912,"2,A6",5.887,48.25,83.1034523,46.06121581,7.9958178,6.279902037,51.47023497
E2B_22-03-01,57,62.51,,29.2795,4.9361,33.9966,29.5422,0.95563299,0.053220154,0.4931,0.5333,1.0257,0.9195,0.799549972,0.7369,0.457153572,0.5307,0.070504407,0.092,"2,A7",5.658,48.48,83.66705425,47.83777633,7.377770262,5.920683004,50.73077272
E4D_22-03-12,58,87.67,,29.3254,5.1995,34.2821,29.623,0.953303202,0.057236273,0.4865,0.5072,0.9926,0.8927,0.800867508,0.7169,0.454258675,0.5247,0.075315457,0.098,"2,A8",5.116,48.54,84.00973646,47.65101743,7.900472508,5.366603184,50.91769322
E14_22-02-17,59,46.89,,29.199,6.0105,34.8341,29.5745,0.937542634,0.062474004,0.4927,0.6079,1.0959,0.937,0.730876789,0.7393,0.405658825,0.5355,0.070406317,0.097,"2,A9",10.42,48.09,77.95664567,43.26830705,7.509665619,11.11416124,51.29366737
E16_22-03-07,60,53,,29.206,5.3046,34.2848,29.4803,0.957433171,0.051709837,0.4981,0.5108,1.0086,0.91,0.806382146,0.7388,0.471221613,0.5358,0.073805795,0.0897,"2,A10",5.798,48.97,84.22333484,49.21718062,7.708715036,6.055775144,51.14717295
E14_22-02-23,61,76.99,,28.2981,5.7954,33.8468,28.6122,0.957431756,0.054198157,0.4909,0.5286,1.0205,0.9098,0.792470677,0.727,0.446651532,0.5294,0.072833901,0.0937,"2,B1",5.234,48.19,82.77046088,46.65100457,7.607215908,5.466708166,50.33256907
E4D_22-02-14,62,49.45,,28.979,5.9244,34.5617,29.3109,0.942323273,0.056022551,0.5049,0.5504,1.0518,0.9336,0.778888081,0.7422,0.431140988,0.5451,0.073037791,0.0992,"2,B2",5.518,48.19,82.65614397,45.75298102,7.750821058,5.855739911,51.13956258
E1A_22-03-07,63,44.62,,28.946,5.3403,34.033,29.2283,0.952568208,0.052862199,0.4986,0.5743,1.0724,0.9535,0.792094724,0.748,0.434267804,0.5391,0.070520634,0.0977,"2,B3",5.664,48.77,83.15359651,45.58915579,7.403210945,5.946030902,51.19843346
E2B_22-02-28,64,78.05,,28.8302,5.4401,33.9492,29.1117,0.94097535,0.051745372,0.4949,0.5536,1.0431,0.923,0.773302023,0.7536,0.467304913,0.5366,0.075325145,0.0948,"2,B4",6.244,48.37,82.18090127,49.6617593,8.005007201,6.635667982,51.40410959
E15_22-02-22,65,47.77,,30.4837,5.2851,35.4696,30.8108,0.943388015,0.061890977,0.5008,0.5181,1.0189,0.8831,0.737888439,0.7201,0.42327736,0.5377,0.071221772,0.0901,"2,B5",7.84,48.35,78.21685526,44.86779063,7.549573526,8.310472332,51.25144608
E14_22-02-11,66,50.66,,28.7991,5.2094,33.7312,29.1341,0.946769302,0.06430683,0.4992,0.5025,1.0024,0.852,0.702089552,0.7188,0.437014925,0.549,0.099104478,0.0991,"2,B6",8.012,48.68,74.15634949,46.15854407,10.46764797,8.462462805,51.41696073
E16_22-02-28,67,80.79,,29.4386,5.6158,34.6837,29.7204,0.933989814,0.05017985,0.4961,0.6424,1.1374,0.9771,0.74875467,0.7714,0.428549191,0.5458,0.077366127,0.1037,"2,B7",5.323,47.87,80.16732714,45.88371135,8.283401577,5.69920562,51.25323559
E3C_22-03-06,68,62.68,,30.008,5.1708,34.8637,30.261,0.939061654,0.048928599,0.4941,0.5254,1.0195,0.8859,0.745717549,0.7308,0.450513894,0.5416,0.090407309,0.0977,"2,B8",7.186,49.09,79.4109253,47.97490051,9.62740927,7.652319707,52.27558787
E16_22-02-11,69,51.57,,28.5388,6.6843,34.8493,29.0129,0.944077914,0.070927397,0.4807,0.722,1.2037,1.004,0.724792244,0.7851,0.421606648,0.5455,0.089750693,0.0941,"2,B9",9.125,48.27,76.77250289,44.65803532,9.50670397,9.665515807,51.12925458
E14_22-02-21,70,70.98,,28.5518,4.6663,32.9727,28.7968,0.947410154,0.052504125,0.5096,0.615,1.1251,1.0002,0.797723577,0.783,0.444552846,0.5533,0.071056911,0.0897,"2,B10",4.986,48.77,84.20044625,46.92295558,7.500121283,5.262768169,51.47717682
E15_22-02-17,71,51.88,,28.0733,5.4957,33.2094,28.3754,0.934567025,0.054970249,0.53,0.6896,1.2185,1.0661,0.777407193,0.8392,0.44837587,0.5815,0.074680974,0.1072,"2,C1",7.73,48.2,83.18367454,47.97685538,7.990970414,8.271209867,51.57468507
E14_22-02-12,72,51.96,,28.2187,5.3723,33.2821,28.4846,0.94250135,0.04949463,0.5351,0.7313,1.2665,1.09,0.758785724,0.8513,0.432380692,0.5862,0.069875564,0.0896,"2,C2",6.311,48.52,80.50765386,45.87586979,7.413842336,6.696011632,51.48003239
E13_22-02-14,73,72.83,,28.2928,5.101,33.1259,28.5608,0.947480886,0.052538718,0.5308,0.6559,1.1887,1.0582,0.804085989,0.8317,0.458758957,0.5805,0.075773746,0.1149,"2,C3",4.301,48.11,84.86566859,48.41880864,7.99739046,4.539405558,50.77674991
E16_22-03-02,74,114.77,,28.682,5.5541,33.9884,28.9907,0.955402315,0.055580562,0.5274,0.5525,1.0816,0.9581,0.779547511,0.7736,0.44561086,0.5651,0.068235294,0.0932,"2,C4",4.215,48.41,81.59363849,46.64117436,7.142048226,4.411754014,50.66975369
E16_22-03-01,75,74.16,,28.9829,5.5303,34.2234,29.2948,0.94759778,0.056398387,0.5268,0.5742,1.1019,0.9735,0.777951933,0.7707,0.42476489,0.5663,0.068791362,0.0863,"2,C5",5.363,48.14,82.0972727,44.82544171,7.25955288,5.659574258,50.80214522
E3C_22-02-24,76,40.86,,28.8609,5.2747,33.7606,29.1906,0.928905909,0.062505925,0.5365,0.6747,1.21,0.9972,0.682821995,0.8202,0.420483178,0.5994,0.093226619,0.0897,"2,C6",10.46,48.49,73.50819799,45.26649831,10.03617463,11.26055922,52.2011966
E1A_22-03-01,77,39.53,,27.9899,5.6516,33.2743,28.331,0.935027249,0.06035459,0.5307,0.4852,1.015,0.8967,0.754328112,0.7425,0.436521022,0.5671,0.07502061,0.0953,"2,C7",6.953,47.73,80.67445232,46.68537979,8.023360832,7.436146923,51.04664068
E1A_22-03-06,78,44.13,,28.5969,4.9536,33.3257,28.8688,0.954618863,0.054889373,0.5198,0.5183,1.0394,0.9351,0.801273394,0.7574,0.458421763,0.5574,0.072544858,0.0998,"2,C8",5.938,48.44,83.93647191,48.02144408,7.599353103,6.220283539,50.74276434
E4D_22-02-20,79,45.04,,27.9948,5.4476,33.0296,28.3752,0.924223511,0.069828915,0.5336,0.6754,1.2058,1.0479,0.761474682,0.8718,0.500740302,0.6008,0.099496595,0.0895,"2,C9",7.479,46.91,82.3907499,54.1795676,10.76542561,8.092198379,50.7561206
E15_22-02-13,80,111.05,,28.8451,6.0518,34.6247,29.182,0.955021646,0.055669388,0.5435,0.5213,1.0663,0.9506,0.780932285,0.7718,0.437943603,0.5791,0.068290811,0.1025,"2,C10",4.46,48.26,81.77116064,45.85692944,7.150708226,4.670051215,50.53288601
E15_22-02-16,81,45.7,,31.6463,5.0392,36.379,31.9154,0.939176853,0.053401334,0.53,0.5629,1.0926,0.9403,0.728903891,0.781,0.445905134,0.5914,0.109077989,0.0918,"2,D1",8.035,49.56,77.61093003,47.47829256,11.61421181,8.555364168,52.76961396
E14_22-02-18,82,43.15,,28.9597,6.2834,34.8895,29.3684,0.943724735,0.065044403,0.5425,0.5922,1.1349,0.979,0.737082067,0.7927,0.422492401,0.5861,0.073623776,0.108,"2,D2",9.517,47.64,78.10350196,44.76860524,7.801403632,10.08450838,50.48082161
E2B_22-03-05,83,50.04,,29.6418,5.2012,34.5042,29.947,0.934861186,0.058678766,0.499,0.5976,1.0951,0.9335,0.727074967,0.7546,0.427710843,0.5525,0.089524766,0.1028,"2,D3",8.246,48.35,77.77357511,45.75126766,9.576262988,8.820560875,51.71890836
E14_22-02-13,84,57.82,,28.7502,5.1156,33.5892,29.0201,0.945930096,0.052760185,0.4901,0.5641,1.0546,0.9197,0.761567098,0.7288,0.423151923,0.5271,0.065591207,0.0935,"2,D4",6.12,48.47,80.50987077,44.73395287,6.934043805,6.469822691,51.24057285
E1A_22-03-11,85,63.22,,29.217,4.7419,33.7004,29.4689,0.945485987,0.053122166,0.4893,0.5839,1.0726,0.9591,0.804589827,0.7581,0.4603528,0.5318,0.072786436,0.0974,"2,D5",4.071,48.2,85.09801715,48.68954238,7.698309342,4.305722197,50.97907392
E4D_22-02-25,86,46.96,,29.2411,6.2018,35.0407,29.6588,0.93514786,0.067351414,0.4897,0.5026,0.9921,0.8651,0.746916037,0.7025,0.423398329,0.5327,0.085555113,0.0933,"2,D6",7.489,48.12,79.87143727,45.27608378,9.148832719,8.008359232,51.45710325
E1A_22-02-25,87,39.53,,28.6157,6.6952,34.8996,29.0707,0.938567929,0.067959135,0.5022,0.5742,1.0762,0.9251,0.736502961,0.7404,0.414838036,0.544,0.072796935,0.0942,"2,D7",9.891,47.25,78.47092764,44.19904224,7.756171141,10.53839546,50.34265345
E15_22-02-23,88,46.27,,29.2828,5.7202,34.6608,29.6619,0.940176917,0.066273907,0.5135,0.5446,1.0583,0.9199,0.746235769,0.7445,0.424164524,0.5538,0.073999266,0.1043,"2,D8",9.493,47.56,79.37184544,45.11539443,7.870780934,10.09703581,50.58622388
E16_22-03-12,89,50.94,,30.1527,5.4028,35.235,30.5022,0.940678907,0.06468868,0.5044,0.7686,1.2734,1.0909,0.763075722,0.8429,0.440411137,0.5636,0.077023159,0.0962,"2,D9",7.837,47.79,81.11968029,46.8184344,8.18803934,8.33121689,50.80373296
E13_22-02-13,90,108.58,,28.7508,5.5498,34.0165,29.052,0.948808966,0.054272226,0.5112,0.6209,1.133,1.0469,0.862779836,0.8168,0.492188758,0.5606,0.079561926,0.0948,"2,D10",4.008,48,90.93293451,51.87437892,8.385452613,4.224243386,50.58974116
E13_22-02-18,91,49.94,,28.9189,5.7211,34.2845,29.2164,0.9378616,0.052000489,0.4916,0.5884,1.0793,0.9821,0.833616587,0.7838,0.496600952,0.5453,0.091264446,0.0913,"2,E1",5.861,48.36,88.88481918,52.95034488,9.731120877,6.249322928,51.56411138
E15_22-02-27,92,46.93,,29.0678,5.4965,34.2451,29.418,0.941926681,0.063713272,0.5065,0.5757,1.0831,0.9658,0.79781136,0.7777,0.471078687,0.5617,0.095883273,0.0984,"2,E2",7.82,48.4,84.69994284,50.01224581,10.17948366,8.302132386,51.38404188
E1A_22-03-02,93,40.88,,29.4305,5.4264,34.528,29.7651,0.939388913,0.061661507,0.5038,0.5404,1.044,0.9304,0.789415248,0.779,0.509252406,0.558,0.100296077,0.0989,"2,E3",8.002,48.07,84.034976,54.21102999,10.67673628,8.518303639,51.1715641
E15_22-02-11,94,73.17,,29.3189,5.5578,34.6188,29.6079,0.953596747,0.051998992,0.5127,0.7181,1.2321,1.1192,0.84458989,0.8934,0.530149004,0.5919,0.110291046,0.1,"2,E4",5.357,49.03,88.56887282,55.59467417,11.5657951,5.61767856,51.41586332
E13_22-02-17,95,46.88,,29.593,5.5662,34.7758,29.8681,0.931119974,0.049423305,0.5109,0.6913,1.2006,1.0496,0.779256473,0.845,0.483292348,0.6015,0.131057428,0.0964,"2,E5",8.751,49.63,83.69023273,51.90441202,14.07524612,9.398359227,53.30140194
E15_22-03-12,96,37.39,,28.7395,5.8156,34.21,29.0709,0.940659605,0.056984662,0.4999,0.5358,1.0365,0.8931,0.733855916,0.7407,0.449421426,0.5571,0.106756252,0.1097,"2,E6",11.36,48.83,78.01503459,47.77726432,11.34908438,12.07663212,51.9103826
E16_22-03-10,97,47.62,,29.3518,5.3849,34.3804,29.6783,0.933833497,0.060632509,0.5168,0.514,1.0309,0.922,0.788326848,0.7825,0.51692607,0.5704,0.104280156,0.1017,"2,E7",8.51,48.39,84.41835193,55.35527174,11.16688959,9.112973591,51.81865947
E13_22-02-23,98,32.59,,28.6469,5.5259,33.8179,28.9688,0.935775168,0.058252954,0.5077,0.6043,1.1117,0.9867,0.792652656,0.7943,0.474267748,0.5628,0.091179878,0.0976,"2,E8",7.912,48.13,84.70545952,50.68180521,9.743780416,8.455022394,51.43329472
E16_22-03-06,99,49.2,,31.21,5.9854,36.9532,31.684,0.959534868,0.079192702,0.5118,0.5182,1.0293,0.9378,0.822076418,0.76,0.47896565,0.5568,0.086839058,0.1083,"2,E9",5.669,48.25,85.67447058,49.91644037,9.050120132,5.908070866,50.28478026
E2B_22-03-02,100,86.4,,31.3913,4.9819,35.9198,31.4745,0.908990546,0.016700456,0.5056,0.6188,1.1251,1.042,0.866839043,0.8204,0.508726568,0.5592,0.086619263,0.0973,"2,E10",4.182,48.2,95.36282279,55.96610107,9.529170957,4.600707917,53.02585404
E13_23-02-19,F1,47.5,3,22.0127,4.2726,25.9909,,0.93109582,,0.5638,0.5678,1.1276,1.0218,0.80662205,0.8282,0.465656921,0.6061,0.074498063,0.0985,B6,7.3626,51.6,86.63147582,50.01170787,8.001116653,7.90745683,55.41857121
E4D_23-02-13,F10,58.8,6,22.9635,5.0466,27.6522,,0.929080965,,0.5659,0.4663,1.0283,0.9136,0.745657302,0.7649,0.426763886,0.6032,0.079991422,0.0996,C6,9.1006,51.5,80.25751575,45.93398227,8.609736375,9.795271175,55.43112163
E4D_23-02-09,F11,128.7,153,28.7338,4.8212,33.2063,,0.927673608,,0.5643,0.6624,1.2186,1.1081,0.820954106,0.8857,0.485205314,0.6145,0.075785024,0.0931,C1,5.0587,51.8,88.49600754,52.30345131,8.169362962,5.453103285,55.83860481
E14_23-02-13,F12,86.4,154,29.2194,4.8662,33.8236,,0.946159221,,0.5492,0.4996,1.0501,0.9695,0.841273018,0.7816,0.465172138,0.5845,0.070656525,0.0976,C2,5.2436,51.8,88.91452939,49.1642556,7.467720408,5.541984779,54.74765649
E15_23-01-31,F13,72.2,156,28.9209,4.3742,32.9612,,0.923666042,,0.5654,0.6936,1.2497,1.1241,0.805507497,0.8964,0.4772203,0.6167,0.073961938,0.0929,C4,7.2775,51.2,87.20765522,51.66589203,8.007432813,7.878929906,55.43128976
E3C_23-02-18,F14,46,157,29.067,5.7788,34.3908,,0.92126393,,0.565,0.6504,1.2048,1.0463,0.74000615,0.8371,0.418357934,0.6128,0.073493235,0.097,C5,8.7571,51,80.32509749,45.4113007,7.977435404,9.505527909,55.35872873
E1A_23-02-13,F15,52.9,160,28.7401,5.5958,33.9289,,0.927266879,,0.5547,0.4426,0.9944,0.8767,0.727519205,0.7424,0.424084953,,-1.253276096,0.0963,C3,9.4446,52.3,78.45844831,45.73494021,,10.18541718,56.40231653
E13_23-02-18,F16,45,167,28.9394,5.6244,34.206,,0.936384325,,0.5561,0.5496,1.1039,0.9882,0.786208151,0.8147,0.470524017,0.6003,0.080422125,0.0926,C7,7.6723,52,83.96212218,50.24902753,8.588580885,8.193537409,55.53275358
E15_23-02-08,F17,63,12,23.217,3.7129,26.6276,,0.918581163,,0.5367,0.509,1.0366,0.9091,0.731630648,0.7573,0.433398821,0.5821,0.089194499,0.0915,E3,10.154,51.3,79.6479046,47.18133124,9.710029186,11.05400416,55.8469976
E4D_23-02-19,F18,49.8,5,23.0229,5.5406,28.1893,,0.932462188,,0.568,0.6754,1.2405,1.0349,0.691294048,0.8203,0.373556411,0.6151,0.069736452,0.1026,C9,7.8594,51.2,74.13641612,40.06129318,7.478743198,8.428652764,54.90839269
E3C_23-02-13,F19,99.6,159,30.1568,5.05,34.8992,,0.939089109,,0.5653,0.4798,1.0436,1.0319,0.972488537, ,,0.5984,0.068987078,0.0927,C8,4.8964,52.2,103.5565771,,7.346169527,5.213988698,55.58577935
E2B_23-02-09,F2,64.6,14,22.3296,4.9648,26.8977,,0.920097486,,0.5832,0.4921,1.0669,0.9519,0.74923796,0.7924,0.425116846,0.6184,0.071530177,0.1123,E2,10.102,48.9,81.43028004,46.20345697,7.774195437,10.97927138,53.14654233
E3C_23-02-19,F20,43.3,10,23.2247,5.4064,28.2234,,0.924589376,,0.535,0.6724,1.1989,1.046,0.759964307,0.8241,0.429952409,0.586,0.07584771,0.0982,E4,8.6597,50.7,82.19479123,46.50198463,8.203394037,9.365995575,54.83515314
E2B_23-02-18,F21,106.2,147,30.3869,4.648,34.7738,,0.943825301,,0.5635,0.525,1.0887,0.995,0.821904762,0.8164,0.481714286,0.6028,0.074857143,0.0939,D3,5.5869,52.7,87.08229805,51.03850099,7.931249858,5.919421733,55.83660444
E4D_23-02-18,F22,59.3,130,29.2259,6.6926,35.5044,,0.938125691,,0.5487,0.7472,1.294,1.12,0.764587794,0.889,0.455433619,0.6129,0.085920771,0.1005,D4,7.9961,51.8,81.5016369,48.54718543,9.158769629,8.523484727,55.21648164
E15_23-02-10,F23,58.9,2,21.9445,4.6066,26.1475,,0.912386576,,0.5443,0.7046,1.2334,1.0758,0.754328697,0.8464,0.428753903,0.5958,0.073091116,0.0944,E5,9.7181,50.3,82.67643531,46.99257029,8.010981032,10.65129656,55.13014038
E15_23-01-29,F24,55,169,28.8626,5.1203,33.7761,,0.959611741,,0.5559,0.595,1.1607,1.0294,0.795798319,0.8335,0.466554622,0.6078,0.087226891,0.094,D1,7.9736,53.8,82.92919781,48.61910309,9.0898107,8.30919387,56.0643411
E13_23-02-13,F25,43,161,28.9919,5.3181,33.9661,,0.935334048,,0.5451,0.6763,1.2194,1.0511,0.748188674,0.8439,0.441815762,0.5991,0.079846222,0.1014,D5,9.1422,51.3,79.99160037,47.23614662,8.536653004,9.774261956,54.84671505
E15_23-02-15,F26,58.3,4,23.143,4.6134,27.4763,,0.939285559,,0.5489,0.5036,1.0524,0.919,0.734908658,0.76,0.41918189,0.5849,0.071485306,0.1116,C10,8.7319,50.2,78.24123881,44.62773713,7.610604153,9.296320924,53.44487573
E1A_23-01-30,F27,31.3,151,28.7565,5.2446,33.7182,,0.946058803,,0.5631,0.445,1.0111,0.9117,0.783370787,0.7625,0.448089888,0.601,0.085168539,0.1125,D6,9.0873,51,82.80360415,47.3638516,9.002457249,9.605428297,53.90785416
E4D_23-02-02,F28,38.5,141,29.5658,4.9676,34.1429,,0.921390611,,0.5479,0.4929,1.034,0.8933,0.700750659,0.7567,0.423615338,0.5994,0.104483668,0.1013,D7,9.0774,50.8,76.05359235,45.97565166,11.33977998,9.851847729,55.13405431
E3C_23-02-07,F29,50.7,139,29.0542,5.6827,34.3408,,0.930297218,,0.5444,0.6352,1.1732,1.0062,0.727015113,0.8303,0.450094458,0.6147,0.110673804,0.0899,D8,10.289,53,78.14869263,48.3817913,11.89660696,11.05990623,56.97103999
E14_23-02-08,F3,55,134,29.2234,5.1719,34.0173,,0.92691274,,0.542,0.4905,1.0263,0.9413,0.814067278,0.7671,0.45891947,0.5782,0.073802243,0.0936,D10,6.2375,50.4,87.82566504,49.51053644,7.96215646,6.729328157,54.37405036
E13_23-02-02,F30,83.1,165,28.6205,4.6041,32.8577,,0.920310158,,0.584,0.4965,1.071,0.9637,0.764753273,0.8091,0.453373615,0.629,0.090634441,0.1154,D9,6.1634,49.3,83.09734126,49.26313278,9.848249557,6.697090045,53.56889691
E16_23-02-02,F31,41.4,148,29.0311,5.3134,33.9195,,0.920013551,,0.5281,0.5549,1.0856,0.9471,0.755091007,?,,0.5728,0.080555055,0.0933,E6,10.423,50.8,82.07390064,,8.755855271,11.32918096,55.21657802
E2B_23-02-14,F32,61.2,140,29.0449,5.5165,34.2602,,0.945400163,,0.5489,0.6853,1.2369,1.0993,0.803151904,0.8703,0.468991682,0.6044,0.080986429,0.0892,E7,7.5193,52.9,84.95364562,49.60774292,8.566365065,7.953563256,55.9551416
E15_23-02-04,F33,115.4,126,29.0329,5.8663,34.4559,,0.924432777,,0.5732,0.4676,1.034,0.9452,0.795551754,0.7883,0.460008554,0.6035,0.064798973,0.0959,E8,5.505,50.7,86.05836718,49.76116877,7.009592811,5.955003043,54.84444219
E1A_23-01-31,F34,38.8,13,23.2936,5.3618,28.2439,,0.923253385,,0.5235,0.4547,0.9809,0.5551,0.069496371,?,,0.5261,0.005718056,0.1004,E9,8.6394,51.3,7.527334571,,0.619337655,9.357561142,55.56437792
E1A_23-02-09,F35,68.2,7,21.9173,3.9137,25.512,,0.918491453,,0.5704,0.4719,1.0322,0.9236,0.748463658,0.776,0.435685527,0.6022,0.067387158,0.1133,E10,7.6972,49.7,81.48836388,47.43490265,7.336721324,8.380263065,54.11046541
E16_23-02-12,F36,49.9,145,29.2164,5.4986,34.4961,,0.960189867,,0.54,0.4898,1.0373,0.942,0.82074316,0.7732,0.476112699,0.5814,0.084524296,0.1144,2 A1,7.6786,51.1,85.47717374,49.58526596,8.802873117,7.996960047,53.21864121
E3C_23-02-12,F37,80.7,138,28.9353,4.7957,33.5568,,0.963675793,,0.5493,0.7287,1.2908,1.1774,0.861945931,0.9226,0.512282146,0.6166,0.092356251,0.0975,2 A2,5.891,53.1,89.44355949,53.15917968,9.5837471,6.113051758,55.10151899
E16_23-02-07,F38,51.4,128,28.5003,4.2943,32.4868,,0.928323592,,0.5438,0.4933,1.0313,0.9478,0.818974255,0.7764,0.471518346,0.5828,0.079059396,0.0934,2 A3,6.8791,52,88.22077369,50.79245535,8.516361817,7.41023934,56.01495046
E1A_23-02-04,F39,109.8,146,30.4589,5.5867,35.6355,,0.926593517,,0.5371,0.4523,0.9841,0.9081,0.820252045,0.7446,0.458766306,0.5815,0.098164935,0.1021,2 A4,6.1279,50.2,88.52339567,49.51106362,10.59417458,6.613363777,54.17693853
E14_23-02-02,F4,43.7,131,28.9615,5.2942,33.859,,0.925068943,,0.5646,0.4862,1.044,0.9475,0.787535993,0.7827,0.448580831,0.6014,0.075689017,0.0906,B7,8.1167,51.3,85.13268109,48.49161072,8.181986587,8.774156843,55.45532619
E15_23-02-05,F40,45.6,,,,,,#DIV/0!,,,,,,,,,,,0.1198,2 A5,10.054,48.8,,,,,
E16_23-02-01,F41,47.9,136,29.0132,7.4543,35.8767,,0.920743732,,0.5603,0.7925,1.3416,1.1432,0.735520505,0.8937,0.420694006,0.623,0.079116719,0.123,2 A6,8.7322,49.7,79.88330296,45.69067285,8.592697024,9.483854952,53.97810301
E4D_23-02-17,F42,47.8,166,28.8499,4.7635,33.2854,,0.931143067,,0.567,0.5648,1.1277,0.9853,0.740616147,0.8166,0.441926346,0.6172,0.08888102,0.0949,2 A7,11.118,53.6,79.5383839,47.46062783,9.545366654,11.940163,57.56365686
E1A_23-01-24,F43,30.3,152,30.33,4.466,34.542,,0.94312584,,0.5681,0.5157,1.0864,0.9405,0.722125267,0.8081,0.465386853,0.6271,0.114407601,0.0963,2 A8,7.3062,51,76.56722319,49.34514921,12.13068251,7.746792308,54.07549858
E1A_23-02-10,F44,64.1,155,29.7496,5.6115,34.9043,,0.918595741,,0.5682,0.597,1.1553,1.0309,0.775041876,0.8431,0.460469012,0.6115,0.072529313,0.1079,2 A9,5.6629,49.2,84.37246566,50.12749257,7.89567271,6.164735746,53.56001319
E4D_23-02-08,F45,112.4,158,29.2862,5.5159,34.3395,,0.91613336,,0.5491,0.5177,1.0546,0.9463,0.767239714,0.7793,0.444659069,,-1.060652888,0.1135,2 A10,7.0533,49.6,83.74760135,48.53650008,,7.698988279,54.14058932
E14_23-02-07,F46,52.6,17,21.2518,4.4203,25.3025,,0.916385766,,0.5672,0.4791,1.0356,0.9401,0.778334377,0.7884,0.461699019,0.6051,0.079106658,0.1112,2 B1,6.3228,50.6,84.93523209,50.38260483,8.632462581,6.899714331,55.21692053
E3C_23-02-03,F47,60,144,30.8375,4.7577,35.2501,,0.927464952,,0.5576,0.5357,1.0864,0.9776,0.784020907,0.8052,0.462198992,0.6009,0.080828822,0.1034,2 B2,4.9031,51.8,84.5337504,49.83465857,8.715027125,5.286560955,55.85116711
E13_23-02-04,F48,118.4,135,31.3916,4.8117,35.8591,,0.928466031,,0.5581,0.561,1.1114,1.0068,0.799821747,0.8176,0.462566845,0.6018,0.077896613,0.0981,2 B3,9.4679,52.9,86.14442752,49.82054589,8.389818325,10.19735745,56.97569782
E3C_23-02-17,F49,45.1,123,28.5262,5.6853,33.8155,,0.930346684,,0.5381,0.6457,1.179,1.0108,0.732073718,0.8227,0.440761964,0.6015,0.098188013,0.0933,B8,8.6775,51.8,78.68827088,47.37609878,10.55391659,9.327168198,55.67816913
E1A_23-02-15,F5,39.5,133,28.3491,6.5388,34.4661,,0.935492751,,0.5426,0.6632,1.204,1.0458,0.758745476,0.8358,0.442098914,0.5929,0.075844391,0.0994,2 B4,4.7936,54.7,81.10650518,47.25840087,8.107426889,5.124144463,58.47185875
E14_23-02-14,F50,54.5,121,28.9345,4.7827,33.4425,,0.942563824,,0.5497,0.5744,1.1229,1.0354,0.845577994,0.8294,0.486942897,0.6135,0.111072423,0.1076,2 B5,6.5118,50.3,89.71042311,51.66153046,11.78407452,6.908603784,53.36508651
E15_23-02-03,F51,107.3,122,29.171,4.788,33.5619,,0.917063492,,0.5323,0.6963,1.2125,1.0788,0.784862846,0.8507,0.457274163,0.5877,0.079563407,0.1083,2 B6,7.8722,49.1,85.58435193,49.86286854,8.675888558,8.584138468,53.54045868
E14_23-02-06,F52,50.1,125,28.7084,4.9174,33.2566,,0.924919673,,0.5415,0.572,1.1062,0.9753,0.758391608,0.7934,0.440384615,0.5915,0.087412587,0.1007,2 B7,7.4837,52.6,81.99540247,47.61328235,9.45083016,8.091189125,56.86980344
E3C_23-02-02,F53,59.6,101,28.9457,4.1937,32.8552,,0.932231681,,0.5736,0.5438,1.1136,1.0141,0.810040456,0.8401,0.490069879,0.6304,0.104450166,0.1026,2 B8,10.634,52.3,86.89261186,52.56953703,11.20431408,11.40703563,56.10193375
E16_23-01-31,F54,40.3,120,30.8237,5.5479,36.133,,0.956992736,,0.5471,0.6427,1.2003,1.0129,0.72475494,0.8288,0.438307142,0.6159,0.10704839,0.1068,2 B9,7.747,50.8,75.7325435,45.80046695,11.18591454,8.095150265,53.08295255
E4D_23-02-14,F55,55.4,115,28.7814,5.4166,33.8432,,0.934497655,,0.571,0.5413,1.1103,0.9861,0.766857565,0.816,0.452614077,0.6235,0.096988731,0.0999,2 B10,8.6367,52.6,82.06094052,48.43394466,10.37870243,9.242077763,56.2869256
E13_23-02-09,F56,33.6,119,28.8606,4.6685,33.3121,,0.953518261,,0.5485,0.5058,1.05,0.9378,0.769671807,0.7734,0.444642151,0.5847,0.07156979,0.0982,2 C1,5.4147,52.8,80.71914706,46.63173946,7.505864689,5.678653701,55.37387398
E13_23-02-07,F58,41.3,99,29.6815,4.4545,33.7753,,0.919025704,,0.57,0.5487,1.1091,0.9769,0.741570986,0.8143,0.44523419,0.6247,0.099690177,0.1116,2 C2,10.11,51.1,80.69099509,48.44632613,10.84737634,11.00078045,55.60236211
E15_23-02-13,F59,65.6,117,28.6688,4.7232,33.0847,,0.934938178,,0.5769,0.5961,1.1717,1.0124,0.730582117,0.8454,0.450427781,0.638,0.102499581,0.1077,2 C3,9.5793,52,78.14229162,48.17727968,10.96324688,10.24591811,55.61865078
E2B_23-02-13,F6,76.3,137,28.8558,6.1094,34.56,,0.933675975,,0.6034,0.5399,1.1402,1.0431,0.814410076,0.6518,0.089646231,0.6094,0.011113169,0.0972,B9,6.7945,51.7,87.22620031,9.601428462,1.190259727,7.277149872,55.37252901
E2B_23-02-03,F60,53.1,107,28.6482,6.3178,34.71,,0.959479566,,0.5643,0.6102,1.1846,1.0143,0.737463127,0.8208,0.420353982,0.6069,0.069813176,0.1253,2 C4,9.2784,52.5,76.86074339,43.81062373,7.276150374,9.670242423,54.71716322
E14_23-01-28,F61,38.6,110,28.8307,5.6259,34.159,,0.947101797,,0.56,0.5324,1.095,0.9866,0.801277235,0.8022,0.454921112,0.6023,0.07945154,0.1088,2 C5,8.7456,51.6,84.6030741,48.03296893,8.388912411,9.234065469,54.48199989
E3C_23-02-09,F62,39.5,97,31.7397,4.5934,36.1172,,0.952997779,,0.5448,0.6568,1.21,1.0728,0.803897686,0.845,0.457064555,0.5957,0.077496955,0.1011,2 C6,7.8303,52.9,84.35462318,47.96071568,8.131913485,8.216493437,55.50904854
E14_23-01-27,F63,47.9,18,22.4667,4.9126,27.0937,,0.941863779,,0.55,0.5967,1.1484,1.0132,0.776269482,0.808,0.432378079,0.5949,0.075247193,0.1081,2 C7,8.8803,51.2,82.41844517,45.90664692,7.989180026,9.428433495,54.36030257
E13_23-02-17,F64,38.3,124,28.8136,5.13,33.5643,,0.926062378,,0.5414,0.484,1.0211,0.9223,0.786983471,0.7783,0.48946281,0.5858,0.091735537,0.0978,2 C8,7.9048,53.1,84.98169126,52.85419443,9.905978188,8.535926074,57.33954996
E16_23-01-27,F65,119,1,24.1634,4.3213,28.1718,,0.927591234,,0.5511,0.5375,1.0814,0.9803,0.798511628,0.8012,0.465302326,0.5878,0.06827907,0.1527,A2,4.073,49.3,86.08443014,50.16243238,7.360900713,4.390942745,53.14841084
E14_23-02-03,F66,49.1,116,28.4981,5.8723,33.9242,,0.924016144,,0.5728,0.7199,1.2803,1.1323,0.777191277,0.9018,0.457007918,0.6327,0.083206001,0.0969,2 C9,7.2997,52,84.11014049,49.45886724,9.004821118,7.899970201,56.27607305
E13_23-02-14,F67,37.1,96,28.9267,4.6451,33.259,,0.932660223,,0.5495,0.5079,1.0545,0.9531,0.794644615,,-1.081905887,0.5904,0.080527663,0.0987,2 C10,7.0327,53.2,85.20194127,,8.634190778,7.540473829,57.0411375
E1A_23-02-05,F68,113.5,102,29.9207,4.7862,34.326,,0.920417032,,0.5494,0.5774,1.1156,0.9996,0.779702113,0.8149,0.459819882,0.5911,0.072220298,0.1125,2 D1,5.0964,50.7,84.71183013,49.95777632,7.846475603,5.537055292,55.08372642
E4D_23-02-03,F69,45.5,143,29.1911,5.228,33.9927,,0.918439174,,0.5392,0.6787,1.2056,1.0512,0.75438338,0.8372,0.439074702,0.5937,0.080300575,0.105,A4,8.5508,50.2,82.13754396,47.80661738,8.743156534,9.310142952,54.65794735
E2B_23-02-08,F7,58.9,150,32.025,5.7628,37.3628,,0.926251128,,0.5853,0.4887,1.0685,0.9705,0.788213628,0.7982,0.43564559,0.622,0.075097197,0.0949,B10,8.201,51.1,85.09718415,47.03320484,8.107649684,8.853970325,55.16862378
E16_23-02-05,F70,44.3,8,21.5623,4.0529,25.2922,,0.92030398,,0.5677,0.7957,1.3509,1.1607,0.74525575,0.9263,0.450672364,0.6367,0.086716099,0.1076,A1,8.777,50.2,80.97930314,48.96994622,9.422549606,9.537066222,54.54719429
E1A_23-02-14,F71,45,109,28.5407,6.2748,34.4114,,0.935599541,,0.5617,0.4695,1.0312,0.9208,0.76485623,,-1.196379127,0.5947,0.07028754,0.1439,2 D2,9.0346,51.2,81.75038534,,7.51256674,9.656481864,54.72426797
E2B_23-02-12,F72,67.1,104,28.81,4.4159,33.049,,0.959940216,,0.5723,0.4389,1.019,0.9202,0.792663477,0.7811,0.475734792,0.6123,0.091136933,0.1026,2 D3,7.8323,54,82.57425448,49.55879372,9.494021786,8.159153944,56.25350318
E16_23-02-10,F73,50.8,149,29.0201,4.8662,33.6275,,0.946816818,,,0.5185,1.0835,0.9612,1.853809065,0.8049,1.552362584,0.6077,1.172034716,0.0928,A5,8.1527,52.5,195.7938462,163.955958,123.7868501,8.610641303,55.44895169
E14_23-01-26,F74,36.9,164,30.4529,5.4505,35.6741,,0.957930465,,0.5538,0.5986,1.1588,1.0185,0.776311393,0.8356,0.470765119,0.6265,0.12145005,0.0999,B5,9.4561,53.5,81.04047439,49.14397608,12.6783785,9.871384557,55.84956523
E13_23-02-03,F75,107.5,105,31.6485,4.1414,35.4682,,0.922320954,,0.5556,0.5859,1.1307,1.0253,0.80167264,0.826,0.461512203,0.5948,0.066905615,0.1074,2 D4,5.3976,50.2,86.91905314,50.03813492,7.254049145,5.852192748,54.42790795
E1A_23-02-03,F76,88.4,142,29.3093,5.3675,34.2921,,0.928327899,,0.5442,0.4828,1.0221,0.9169,0.771955261,0.7711,0.46996686,0.5902,0.095277548,0.0929,A8,7.2144,51.4,83.15545202,50.62509274,10.26335067,7.771391988,55.36836718
E3C_23-02-14,F77,103.5,168,29.596,5.1562,34.4644,,0.944183701,,0.5229,0.6419,1.1677,1.0288,0.788128992,?,#VALUE!,0.5634,0.06309394,0.0997,B1,4.6247,51.4,83.47199714,,6.682379688,4.898093448,54.43855887
E16_23-01-28,F78,120.8,113,28.7282,5.0675,33.5637,,0.954218056,,0.5474,0.5197,1.0716,0.9708,0.814700789,0.7943,0.475081778,0.5888,0.079661343,0.1119,2 D5,4.6372,51.7,85.37889045,49.78754854,8.348337423,4.859685865,54.18048806
E14_23-02-01,F79,42.7,95,30.4173,4.8443,34.9126,,0.927956568,,0.5787,0.6059,1.1797,1.0627,0.798811685,0.8565,0.4584915,0.6274,0.0803763,0.1047,2 D6,7.4919,51.3,86.08287425,49.4087241,8.661644578,8.073545964,55.28275977
E4D_23-02-12,F80,54.4,98,32.4872,4.6443,36.8842,,0.946751932,,0.5648,0.6938,1.2623,1.0871,0.752810608,0.8783,0.451859325,0.6343,0.100172961,0.0889,D2,5.5825,52.5,79.51508546,47.72732011,10.58069776,5.89647595,55.45275188
E3C_23-02-04,F81,65.4,100,29.3929,4.8584,33.8878,,0.92518113,,0.5402,0.5987,1.131,0.9857,0.744112243,0.7944,0.424586604,0.5812,0.06848171,0.1105,2 D7,9.6206,52.3,80.4288176,45.89226809,7.401978724,10.39861244,56.52947118
E3C_23-02-08,F82,41.3,112,28.9611,4.363,32.9566,,0.915768966,,0.5214,0.6633,1.1717,1.0054,0.729684909,0.801,0.42152872,0.5686,0.071159355,0.0999,2 D8,7.4737,52.2,79.68002145,46.03002892,7.770448373,8.161119534,57.00127644
E1A_23-02-08,F83,63.4,163,29.3196,5.2624,33.2263,,0.742379903,,0.5428,0.5669,1.1126,0.9699,0.753395661,,,0.5803,0.066149233,0.1017,2 D9,9.7229,50.6,101.4838438,,8.910428802,13.09693321,68.1591727
E13_23-02-12,F84,36.6,162,29.3949,4.5018,33.6726,,0.950219912,,0.5826,0.5844,1.1735,1.0076,0.727241615,0.8395,0.439596167,0.6434,0.10403833,0.1107,B3,7.6614,49.8,76.5340324,46.26257158,10.94886863,8.062765159,52.40892068
E16_23-01-26,F85,84.5,114,29.0392,5.3642,34.1591,,0.954457328,,0.5525,0.6842,1.242,1.112,0.81774335,0.8817,0.481145864,0.6163,0.093247588,0.1073,B4,12.507,52.2,85.67626082,50.41041119,9.769696944,13.10378121,54.69076349
E16_23-02-06,F86,41.6,127,28.8181,5.0131,33.4619,,0.926333008,,0.5566,0.5366,1.0881,0.9726,0.775251584,,,0.6018,0.084234066,0.101,2 D10,5.7304,52.5,83.69037676,,9.093281321,6.186112287,56.67508291
E4D_23-02-07,F87,80.5,103,29.3546,4.4492,33.4439,,0.919109053,,0.5257,0.6303,1.1428,0.9919,0.739647787,0.8076,0.447247343,0.5755,0.079009995,0.0986,A6,9.1522,51.2,80.47443164,48.66096585,8.596367858,9.957686704,55.70612085
E15_23-01-30,F88,64.4,106,28.7544,5.035,33.6088,,0.964131082,,0.5518,0.4754,1.0372,0.9276,0.790492217,0.7708,0.460664703,0.5864,0.072780816,0.0953,2 E1,6.9445,52.3,81.99011851,47.78029791,7.54885072,7.202858747,54.24573583
E2B_23-02-07,F89,58,132,29.3568,6.6865,35.5291,,0.923098781,,0.5569,0.6511,1.1994,1.0521,0.760559054,0.8464,0.444632161,0.6152,0.089540777,0.0931,2 E2,7.8061,54,82.3919465,48.16734352,9.700021165,8.456408089,58.49861478
E15_23-02-09,F9,65.5,16,21.0551,4.3353,25.079,,0.928171061,,0.5417,0.6367,1.1736,1.0252,0.759384325,0.8142,0.427988063,0.5869,0.070991048,0.1091,A9,8.7339,50.1,81.81512627,46.11090364,7.648487503,9.409795639,53.97711921
E2B_23-02-02,F90,49.1,111,28.8571,4.1489,32.7058,,0.927643472,,0.5308,0.5121,1.0379,0.9241,0.76801406,0.7661,0.45948057,0.5788,0.093731693,0.0941,E1,9.9188,51,82.79194358,49.53202218,10.10427992,10.69247001,54.97801855
E14_23-02-12,F91,65.9,,,,,,#DIV/0!,,,,,,,0.8154,,0.5735,,0.0997,2 E3,8.1803,53,,,,,
E13_23-02-08,F92,38.2,9,23.5805,4.5577,27.7952,,0.924742743,,0.5435,0.6433,1.1887,1.0384,0.769314472,,,0.5867,0.067153739,0.1017,B2,9.3196,50.8,83.19226921,,7.261883269,10.07804611,54.93419698
E16_23-02-11,F93,51.8,11,22.4759,4.3118,26.6266,,0.962637414,,0.5406,0.6241,1.1747,1.0459,0.80964589,0.832,0.466912354,0.5908,0.080435828,0.0907,A10,8.328,53.1,84.10704577,48.50344971,8.355776168,8.651232419,55.16095598
E4D_23-02-04,F94,52,108,29,4.5448,33.3805,,0.963848794,,0.5568,0.4453,1.0104,0.9225,0.821244105,0.773,0.485515383,0.5947,0.085111161,0.1052,2 E4,6.792,53.9,85.20466177,50.37256734,8.830343673,7.046748453,55.92163452
E2B_23-02-04,F95,64.5,129,28.6303,4.7954,33.1463,,0.94173583,,0.5354,0.7847,1.3235,1.1286,0.755957691,0.8755,0.433414044,0.5919,0.072002039,0.1022,A7,7.8853,51.3,80.27279696,46.02288983,7.645672671,8.37315492,54.47387511
E15_23-02-14,F96,57.1,118,29.4184,6.4425,35.5241,,0.947722158,,0.5416,0.5916,1.1382,0.9954,0.767072346,0.802,0.440162272,0.5841,0.07183908,0.103,A3,9.289,51.5,80.93852614,46.44423139,7.580183695,9.801395827,54.34082087
E15_23-02-05,,60.3,,,,,,,,,,,,,,,,,,,,,,,,,
E2B_23-02-17,,94.1,,,,,,,,,,,,,,,,,,,,,,,,,
E2B_23-02-19,,108,,,,,,,,,,,,,,,,,,,,,,,,,
